{"cameraMode":{"drawMode":0,"name":"Shaded","section":"Shading Mode"},"sceneLighting":true,"audioPlay":false,"sceneViewState":{"m_AlwaysRefresh":false,"showFog":true,"showSkybox":true,"showFlares":true,"showImageEffects":true,"showParticleSystems":true,"showVisualEffectGraphs":true,"m_FxEnabled":true},"in2DMode":false,"pivot":{"x":2.3141133785247804,"y":15.320900917053223,"z":57.03938674926758},"rotation":{"x":-0.0028523800428956749,"y":0.9853770732879639,"z":-0.16802091896533967,"w":-0.012960676103830338},"size":1.64164400100708,"orthographic":false}